id,name,description,attr,attr_hq,category,convertable,craft,delivery,downgrades,dyeable,dyecount,elvl,equip,glamourous,icon,ilvl,jobCategories,jobs,models,patch,patchCategory,price,rarity,repair,repair_item,sell_price,slot,sockets,stackSize,tradeable,ingredients
1,Gil,Standard Eorzean currency.,,,63,,,,,,0,,,,65002,1,,,,1.0,5,0,1,,,,,,999999999,1,
2,Fire Shard,A tiny crystalline manifestation of aetheric fire energy.,,,59,,,,,,0,,,,20001,1,,,,1.0,5,9,1,,,,,,9999,1,
3,Ice Shard,A tiny crystalline manifestation of aetheric ice energy.,,,59,,,,,,0,,,,20003,1,,,,1.0,5,9,1,,,,,,9999,1,
4,Wind Shard,A tiny crystalline manifestation of aetheric wind energy.,,,59,,,,,,0,,,,20004,1,,,,1.0,5,9,1,,,,,,9999,1,
5,Earth Shard,A tiny crystalline manifestation of aetheric earth energy.,,,59,,,,,,0,,,,20006,1,,,,1.0,5,9,1,,,,,,9999,1,
6,Lightning Shard,A tiny crystalline manifestation of aetheric lightning energy.,,,59,,,,,,0,,,,20005,1,,,,1.0,5,9,1,,,,,,9999,1,
7,Water Shard,A tiny crystalline manifestation of aetheric water energy.,,,59,,,,,,0,,,,20002,1,,,,1.0,5,9,1,,,,,,9999,1,
8,Fire Crystal,A crystalline manifestation of aetheric fire energy.,,,59,,,,,,0,,,,20007,25,,,,1.0,5,229,1,,,,,,9999,1,
9,Ice Crystal,A crystalline manifestation of aetheric ice energy.,,,59,,,,,,0,,,,20009,25,,,,1.0,5,229,1,,,,,,9999,1,
10,Wind Crystal,A crystalline manifestation of aetheric wind energy.,,,59,,,,,,0,,,,20010,25,,,,1.0,5,229,1,,,,,,9999,1,
11,Earth Crystal,A crystalline manifestation of aetheric earth energy.,,,59,,,,,,0,,,,20012,25,,,,1.0,5,229,1,,,,,,9999,1,
12,Lightning Crystal,A crystalline manifestation of aetheric lightning energy.,,,59,,,,,,0,,,,20011,25,,,,1.0,5,229,1,,,,,,9999,1,
13,Water Crystal,A crystalline manifestation of aetheric water energy.,,,59,,,,,,0,,,,20008,25,,,,1.0,5,229,1,,,,,,9999,1,
14,Fire Cluster,A large crystalline manifestation of aetheric fire energy.,,,59,,,,,,0,,,,20013,50,,,,1.0,5,990,1,,,,,,9999,1,
15,Ice Cluster,A large crystalline manifestation of aetheric ice energy.,,,59,,,,,,0,,,,20015,50,,,,1.0,5,990,1,,,,,,9999,1,
16,Wind Cluster,A large crystalline manifestation of aetheric wind energy.,,,59,,,,,,0,,,,20016,50,,,,1.0,5,990,1,,,,,,9999,1,
17,Earth Cluster,A large crystalline manifestation of aetheric earth energy.,,,59,,,,,,0,,,,20018,50,,,,1.0,5,990,1,,,,,,9999,1,
18,Lightning Cluster,A large crystalline manifestation of aetheric lightning energy.,,,59,,,,,,0,,,,20017,50,,,,1.0,5,990,1,,,,,,9999,1,
19,Water Cluster,A large crystalline manifestation of aetheric water energy.,,,59,,,,,,0,,,,20014,50,,,,1.0,5,990,1,,,,,,9999,1,
20,Storm Seal,Grand Company currency printed and distributed by the Maelstrom.,,,63,,,,,,0,,,,65004,1,,,,1.0,5,1,1,,,,,,200000,1,
21,Serpent Seal,Grand Company currency printed and distributed by the Order of the Twin Adder.,,,63,,,,,,0,,,,65005,1,,,,1.0,5,1,1,,,,,,200000,1,
22,Flame Seal,Grand Company currency printed and distributed by the Immortal Flames.,,,63,,,,,,0,,,,65006,1,,,,1.0,5,1,1,,,,,,200000,1,
23,Allagan Tomestone of Philosophy,"Though they appear to be naught more than simple stones, Garlond Ironworks engineers insist they contain reams of invaluable information gathered by the lost Allagan Empire.",,,63,,,,,,0,,,,65012,1,,,,1.0,5,1,1,,,,,,2000,1,
24,Allagan Tomestone of Mythology,"Though they appear to be naught more than simple stones, Garlond Ironworks engineers insist they contain reams of invaluable information gathered by the lost Allagan Empire.",,,63,,,,,,0,,,,65013,1,,,,1.0,5,1,1,,,,,,2000,1,
25,Wolf Mark,Currency printed and distributed by the Alliance.,,,63,,,,,,0,,,,65014,55,,,,2.1,5,1,1,,,,,,20000,1,
26,Allagan Tomestone of Soldiery,"Though they appear to be naught more than simple stones, Garlond Ironworks engineers insist they contain reams of invaluable information gathered by the lost Allagan Empire.",,,63,,,,,,0,,,,65022,1,,,,2.2,5,1,1,,,,,,2000,1,
27,Allied Seal,Yet another currency printed and distributed by the Eorzean Alliance. Rewarded for slaying marks specified in the Hunt.,,,63,,,,,,0,,,,65024,1,,,,2.3,5,1,1,,,,,,4000,1,
28,Allagan Tomestone of Poetics,"Though they appear to be naught more than simple stones, Garlond Ironworks engineers insist they contain reams of invaluable information gathered by the lost Allagan Empire.",,,63,,,,,,0,,,,65023,1,,,,2.4,5,1,1,,,,,,2000,1,
29,MGP,Official currency of the Manderville Gold Saucer. Redeemable only on Manderville property.,,,63,,,,,,0,,,,65025,1,,,,2.51,5,1,1,,,,,,9999999,1,
30,Allagan Tomestone of Law,"Though they appear to be naught more than simple stones, Garlond Ironworks engineers insist they contain reams of invaluable information gathered by the lost Allagan Empire.",,,63,,,,,,0,,,,65032,1,,,,3.0,5,2,1,,,,,,2000,1,
31,Allagan Tomestone of Esoterics,"Though they appear to be naught more than simple stones, Garlond Ironworks engineers insist they contain reams of invaluable information gathered by the lost Allagan Empire.",,,63,,,,,,0,,,,65033,1,,,,3.05,5,2,1,,,,,,2000,1,
32,Allagan Tomestone of Lore,"Though they appear to be naught more than simple stones, Garlond Ironworks engineers insist they contain reams of invaluable information gathered by the lost Allagan Empire.",,,63,,,,,,0,,,,65038,1,,,,3.2,5,2,1,,,,,,2000,1,
33,Allagan Tomestone of Scripture,"Though they appear to be naught more than simple stones, Garlond Ironworks engineers insist they contain reams of invaluable information gathered by the lost Allagan Empire.",,,63,,,,,,0,,,,65041,1,,,,3.4,5,2,1,,,,,,2000,1,
34,Allagan Tomestone of Verity,"Though they appear to be naught more than simple stones, Garlond Ironworks engineers insist they contain reams of invaluable information gathered by the lost Allagan Empire.",,,63,,,,,,0,,,,65045,1,,,,4.0,5,2,1,,,,,,2000,1,
35,Allagan Tomestone of Creation,"Though they appear to be naught more than simple stones, Garlond Ironworks engineers insist they contain reams of invaluable information gathered by the lost Allagan Empire.",,,63,,,,,,0,,,,65046,1,,,,4.05,5,2,1,,,,,,2000,1,
36,Allagan Tomestone of Mendacity,"Though they appear to be naught more than simple stones, Garlond Ironworks engineers insist they contain reams of invaluable information on untruths gathered by the lost Allagan Empire.",,,63,,,,,,0,,,,65062,1,,,,4.2,5,2,1,,,,,,2000,1,
37,Allagan Tomestone of Genesis,"Though they appear to be naught more than simple stones, Garlond Ironworks engineers insist they contain reams of invaluable information on creation gathered by the lost Allagan Empire.",,,63,,,,,,0,,,,65065,1,,,,4.4,5,2,1,,,,,,2000,1,
38,Allagan Tomestone of Goetia,"Though they appear to be naught more than simple stones, Garlond Ironworks engineers insist they contain reams of invaluable information on demonology gathered by the lost Allagan Empire.",,,63,,,,,,0,,,,65066,1,,,,5.0,5,2,1,,,,,,2000,1,
39,Allagan Tomestone of Phantasmagoria,"Though they appear to be naught more than simple stones, Garlond Ironworks engineers insist they contain reams of invaluable information on the fantastic gathered by the lost Allagan Empire.",,,63,,,,,,0,,,,65067,1,,,,5.05,5,2,1,,,,,,2000,1,
40,Allagan Tomestone of Allegory,"Though they appear to be naught more than simple stones, Garlond Ironworks engineers insist they contain reams of invaluable information on allegories gathered by the lost Allagan Empire.",,,63,,,,,,0,,,,65075,1,,,,5.2,5,2,1,,,,,,2000,1,
41,Allagan Tomestone of Revelation,"Though they appear to be naught more than simple stones, Garlond Ironworks engineers insist they contain reams of invaluable information on allegories gathered by the lost Allagan Empire.",,,63,,,,,,0,,,,65083,1,,,,5.4,5,2,1,,,,,,2000,1,
42,Allagan Tomestone of Aphorism,"Though they appear to be naught more than simple stones, Garlond Ironworks engineers insist they contain reams of invaluable principles gathered by the lost Allagan Empire.",,,63,,,,,,0,,,,65085,1,,,,6.0,5,2,1,,,,,,2000,1,
43,Allagan Tomestone of Astronomy,"Though they appear to be naught more than simple stones, Garlond Ironworks engineers insist they contain reams of invaluable information on the sea of stars gathered by the lost Allagan Empire.",,,63,,,,,,0,,,,t/65086,1,,,,6.05,5,2,1,,,,,,2000,1,
44,Allagan Tomestone of Causality,"Though they appear to be naught more than simple stones, Garlond Ironworks engineers insist they contain reams of invaluable information on the nature of cause and effect gathered by the lost Allagan Empire.",,,63,,,,,,0,,,,t/65094,1,,,,6.2,5,2,1,,,,,,2000,1,
45,Allagan Tomestone of Comedy,"Though they appear to be naught more than simple stones, Garlond Ironworks engineers insist they contain reams of uplifting narrative poetry gathered by the lost Allagan Empire.",,,63,,,,,,0,,,,t/65103,1,,,,6.4,5,2,1,,,,,,2000,1,
46,Allagan Tomestone of Aesthetics,"Though they appear to be naught more than simple stones, Garlond Ironworks engineers insist they contain reams of invaluable information on the nature of beauty gathered by the lost Allagan Empire.",,,63,,,,,,0,,,,t/65107,1,,,,7.0,5,2,1,,,,,,2000,1,
47,Allagan Tomestone of Heliometry,"Though they appear to be naught more than simple stones, Garlond Ironworks engineers insist they contain reams of invaluable information on solar measurements gathered by the lost Allagan Empire.",,,63,,,,,,0,,,,t/65108,1,,,,7.05,5,2,1,,,,,,2000,1,
48,Allagan Tomestone of Mathematics,"Though they appear to be naught more than simple stones, Garlond Ironworks engineers insist they contain reams of invaluable numerical calculations gathered by the lost Allagan Empire.",,,63,,,,,,0,,,,t/65122,1,,,,7.2,5,2,1,,,,,,2000,1,
49,"",,,,,,,,,,,,,,,,,,,,,,,,,,,,,,
50,"",,,,,,,,,,,,,,,,,,,,,,,,,,,,,,
51,"",,,,,,,,,,,,,,,,,,,,,,,,,,,,,,
52,"",,,,,,,,,,,,,,,,,,,,,,,,,,,,,,
53,"",,,,,,,,,,,,,,,,,,,,,,,,,,,,,,
54,"",,,,,,,,,,,,,,,,,,,,,,,,,,,,,,
55,"",,,,,,,,,,,,,,,,,,,,,,,,,,,,,,
56,"",,,,,,,,,,,,,,,,,,,,,,,,,,,,,,
57,"",,,,,,,,,,,,,,,,,,,,,,,,,,,,,,
58,"",,,,,,,,,,,,,,,,,,,,,,,,,,,,,,
59,"",,,,,,,,,,,,,,,,,,,,,,,,,,,,,,
60,"",,,,,,,,,,,,,,,,,,,,,,,,,,,,,,
47187,Crested Culottes of Crafting,,,,36,1,"[{""id"": 37454, ""job"": 13, ""rlvl"": 750, ""durability"": 70, ""quality"": 19000, ""progress"": 10080, ""lvl"": 100, ""materialQualityFactor"": 50, ""stars"": 3, ""hq"": 1, ""controlReq"": 4650, ""craftsmanshipReq"": 5380, ""unlockId"": 46319, ""ingredients"": [{""id"": 46251, ""amount"": 4, ""quality"": 637.29877}, {""id"": 45978, ""amount"": 4, ""quality"": 628.80145}, {""id"": 45977, ""amount"": 3, ""quality"": 628.80145}, {""id"": 46252, ""amount"": 4, ""quality"": null}, {""id"": 18, ""amount"": 3, ""quality"": null}, {""id"": 16, ""amount"": 3, ""quality"": null}], ""complexity"": {""nq"": 6890, ""hq"": 6910}}]",2089,[44435],1,2,100,1,1,t/57797,750,Disciple of the Hand,33,"[""905-1-0-0""]",7.3,1,99999,2,13,33916,650,7,2,1,1,"[{""name"": ""Craftsman's Tri-solution"", ""id"": 46251, ""icon"": ""t/22703"", ""category"": 54, ""ilvl"": 750, ""price"": 99999, ""craft"": [{""id"": 37472, ""job"": 14, ""rlvl"": 750, ""durability"": 35, ""quality"": 13110, ""progress"": 5130, ""lvl"": 100, ""materialQualityFactor"": 0, ""stars"": 3, ""hq"": 1, ""controlReq"": 4650, ""craftsmanshipReq"": 5380, ""unlockId"": 46320, ""ingredients"": [{""id"": 46243, ""amount"": 4}, {""id"": 44848, ""amount"": 1}, {""id"": 46246, ""amount"": 1}, {""id"": 19, ""amount"": 3}, {""id"": 18, ""amount"": 3}], ""complexity"": {""nq"": 545, ""hq"": 565}}]}, {""name"": ""Cordia Sap"", ""id"": 46243, ""icon"": 22687, ""category"": 54, ""ilvl"": 730, ""price"": 99999, ""nodes"": [1191]}, {""name"": ""Condensed Solution"", ""id"": 44848, ""icon"": 22701, ""category"": 54, ""ilvl"": 720, ""price"": 99999, ""desynthedFrom"": [44604, 44603, 44602, 44601, 44600, 44599, 44598, 44597, 44596, 44595, 44594, 44593, 44592, 44591, 44590, 44589, 44588, 44587, 44586, 44585, 44584, 44583, 44582, 44581, 44580, 44579, 44578, 44577, 44576, 44575, 44574, 44573, 44572, 44571, 44570, 44569, 44568, 44567, 44566, 44565, 44564, 44563, 44562, 44561, 44560, 44559, 44558, 44557, 44556, 44555, 44554, 44553, 44552, 44550, 44551, 46395, 47161], ""tradeShops"": [{""shop"": ""Orange Scrip Exchange (Lv. 100 Materials/Furnishings)"", ""npcs"": [], ""listings"": [{""item"": [{""id"": ""44848"", ""amount"": 1}], ""currency"": [{""id"": ""41784"", ""amount"": 125}]}]}, {""shop"": ""Cosmocredit Exchange (Materials/Materia/Items)"", ""npcs"": [1052588, 1052600, 1052607, 1052608], ""listings"": [{""item"": [{""id"": ""44848"", ""amount"": 1}], ""currency"": [{""id"": ""45690"", ""amount"": 250}]}]}]}, {""name"": ""Levinchrome Aethersand"", ""id"": 46246, ""icon"": ""t/21248"", ""category"": 54, ""ilvl"": 730, ""price"": 99999, ""reducedFrom"": [46249, 46248, 46247], ""tradeShops"": [{""shop"": ""Orange Scrip Exchange (Lv. 100 Materials/Bait/Tokens)"", ""npcs"": [], ""listings"": [{""item"": [{""id"": ""46246"", ""amount"": 1}], ""currency"": [{""id"": ""41785"", ""amount"": 300}]}]}, {""shop"": ""Cosmocredit Exchange (Materials/Materia/Items)"", ""npcs"": [1052588, 1052600, 1052607, 1052608], ""listings"": [{""item"": [{""id"": ""46246"", ""amount"": 1}], ""currency"": [{""id"": ""45690"", ""amount"": 600}]}]}]}, {""name"": ""Diatryma Felt"", ""id"": 45978, ""icon"": 21680, ""category"": 51, ""ilvl"": 740, ""price"": 99999, ""craft"": [{""id"": 36067, ""job"": 13, ""rlvl"": 740, ""durability"": 35, ""quality"": 12716, ""progress"": 5130, ""lvl"": 100, ""materialQualityFactor"": 0, ""stars"": 3, ""hq"": 1, ""controlReq"": 4650, ""craftsmanshipReq"": 5380, ""unlockId"": 46319, ""ingredients"": [{""id"": 45972, ""amount"": 4}, {""id"": 45988, ""amount"": 2}, {""id"": 18, ""amount"": 3}, {""id"": 16, ""amount"": 3}], ""complexity"": {""nq"": 580, ""hq"": 600}}]}, {""name"": ""Cochineal Pigment"", ""id"": 45972, ""icon"": 25011, ""category"": 54, ""ilvl"": 740, ""price"": 99999, ""nodes"": [1193]}, {""name"": ""Diatryma Pelt"", ""id"": 45988, ""icon"": 21616, ""category"": 51, ""ilvl"": 740, ""price"": 99999, ""tradeShops"": [{""shop"": ""Allagan Tomestones of Heliometry (Other)"", ""npcs"": [1049079], ""listings"": [{""item"": [{""id"": ""45988"", ""amount"": 1}], ""currency"": [{""id"": ""47"", ""amount"": 20}]}]}]}, {""name"": ""Cronopio Leather"", ""id"": 45977, ""icon"": 22008, ""category"": 52, ""ilvl"": 740, ""price"": 99999, ""craft"": [{""id"": 36066, ""job"": 12, ""rlvl"": 740, ""durability"": 35, ""quality"": 12716, ""progress"": 5130, ""lvl"": 100, ""materialQualityFactor"": 0, ""stars"": 3, ""hq"": 1, ""controlReq"": 4650, ""craftsmanshipReq"": 5380, ""unlockId"": 46318, ""ingredients"": [{""id"": 45971, ""amount"": 4}, {""id"": 45987, ""amount"": 2}, {""id"": 17, ""amount"": 3}, {""id"": 16, ""amount"": 3}], ""complexity"": {""nq"": 580, ""hq"": 600}}]}, {""name"": ""Shaaloani Coffee"", ""id"": 45971, ""icon"": 27501, ""category"": 54, ""ilvl"": 740, ""price"": 99999, ""nodes"": [1192]}, {""name"": ""Cronopio Skin"", ""id"": 45987, ""icon"": 21820, ""category"": 52, ""ilvl"": 740, ""price"": 99999, ""tradeShops"": [{""shop"": ""Allagan Tomestones of Heliometry (Other)"", ""npcs"": [1049079], ""listings"": [{""item"": [{""id"": ""45987"", ""amount"": 1}], ""currency"": [{""id"": ""47"", ""amount"": 20}]}]}]}, {""name"": ""Mason's Abrasive"", ""id"": 46252, ""icon"": 22603, ""category"": 54, ""ilvl"": 750, ""price"": 99999, ""tradeShops"": [{""shop"": ""Purple Scrip Exchange (Lv. 100 Materials)"", ""npcs"": [], ""listings"": [{""item"": [{""id"": ""46252"", ""amount"": 1}], ""currency"": [{""id"": ""33913"", ""amount"": 500}]}]}, {""shop"": ""Cosmocredit Exchange (Materials/Materia/Items)"", ""npcs"": [1052588, 1052600, 1052607, 1052608], ""listings"": [{""item"": [{""id"": ""46252"", ""amount"": 1}], ""currency"": [{""id"": ""45690"", ""amount"": 1000}]}]}]}]"
47188,Crested Boots of Crafting,,,,38,1,"[{""id"": 37455, ""job"": 12, ""rlvl"": 750, ""durability"": 70, ""quality"": 19000, ""progress"": 10080, ""lvl"": 100, ""materialQualityFactor"": 50, ""stars"": 3, ""hq"": 1, ""controlReq"": 4650, ""craftsmanshipReq"": 5380, ""unlockId"": 46318, ""ingredients"": [{""id"": 46251, ""amount"": 3, ""quality"": 868.90247}, {""id"": 45977, ""amount"": 3, ""quality"": 857.3171}, {""id"": 45978, ""amount"": 2, ""quality"": 857.3171}, {""id"": 46252, ""amount"": 3, ""quality"": null}, {""id"": 17, ""amount"": 3, ""quality"": null}, {""id"": 16, ""amount"": 3, ""quality"": null}], ""complexity"": {""nq"": 5070, ""hq"": 5090}}]",2089,[44436],1,2,100,1,1,t/57888,750,Disciple of the Hand,33,"[""905-1-0-0""]",7.3,1,99999,2,12,33916,390,8,2,1,1,"[{""name"": ""Craftsman's Tri-solution"", ""id"": 46251, ""icon"": ""t/22703"", ""category"": 54, ""ilvl"": 750, ""price"": 99999, ""craft"": [{""id"": 37472, ""job"": 14, ""rlvl"": 750, ""durability"": 35, ""quality"": 13110, ""progress"": 5130, ""lvl"": 100, ""materialQualityFactor"": 0, ""stars"": 3, ""hq"": 1, ""controlReq"": 4650, ""craftsmanshipReq"": 5380, ""unlockId"": 46320, ""ingredients"": [{""id"": 46243, ""amount"": 4}, {""id"": 44848, ""amount"": 1}, {""id"": 46246, ""amount"": 1}, {""id"": 19, ""amount"": 3}, {""id"": 18, ""amount"": 3}], ""complexity"": {""nq"": 545, ""hq"": 565}}]}, {""name"": ""Cordia Sap"", ""id"": 46243, ""icon"": 22687, ""category"": 54, ""ilvl"": 730, ""price"": 99999, ""nodes"": [1191]}, {""name"": ""Condensed Solution"", ""id"": 44848, ""icon"": 22701, ""category"": 54, ""ilvl"": 720, ""price"": 99999, ""desynthedFrom"": [44604, 44603, 44602, 44601, 44600, 44599, 44598, 44597, 44596, 44595, 44594, 44593, 44592, 44591, 44590, 44589, 44588, 44587, 44586, 44585, 44584, 44583, 44582, 44581, 44580, 44579, 44578, 44577, 44576, 44575, 44574, 44573, 44572, 44571, 44570, 44569, 44568, 44567, 44566, 44565, 44564, 44563, 44562, 44561, 44560, 44559, 44558, 44557, 44556, 44555, 44554, 44553, 44552, 44550, 44551, 46395, 47161], ""tradeShops"": [{""shop"": ""Orange Scrip Exchange (Lv. 100 Materials/Furnishings)"", ""npcs"": [], ""listings"": [{""item"": [{""id"": ""44848"", ""amount"": 1}], ""currency"": [{""id"": ""41784"", ""amount"": 125}]}]}, {""shop"": ""Cosmocredit Exchange (Materials/Materia/Items)"", ""npcs"": [1052588, 1052600, 1052607, 1052608], ""listings"": [{""item"": [{""id"": ""44848"", ""amount"": 1}], ""currency"": [{""id"": ""45690"", ""amount"": 250}]}]}]}, {""name"": ""Levinchrome Aethersand"", ""id"": 46246, ""icon"": ""t/21248"", ""category"": 54, ""ilvl"": 730, ""price"": 99999, ""reducedFrom"": [46249, 46248, 46247], ""tradeShops"": [{""shop"": ""Orange Scrip Exchange (Lv. 100 Materials/Bait/Tokens)"", ""npcs"": [], ""listings"": [{""item"": [{""id"": ""46246"", ""amount"": 1}], ""currency"": [{""id"": ""41785"", ""amount"": 300}]}]}, {""shop"": ""Cosmocredit Exchange (Materials/Materia/Items)"", ""npcs"": [1052588, 1052600, 1052607, 1052608], ""listings"": [{""item"": [{""id"": ""46246"", ""amount"": 1}], ""currency"": [{""id"": ""45690"", ""amount"": 600}]}]}]}, {""name"": ""Cronopio Leather"", ""id"": 45977, ""icon"": 22008, ""category"": 52, ""ilvl"": 740, ""price"": 99999, ""craft"": [{""id"": 36066, ""job"": 12, ""rlvl"": 740, ""durability"": 35, ""quality"": 12716, ""progress"": 5130, ""lvl"": 100, ""materialQualityFactor"": 0, ""stars"": 3, ""hq"": 1, ""controlReq"": 4650, ""craftsmanshipReq"": 5380, ""unlockId"": 46318, ""ingredients"": [{""id"": 45971, ""amount"": 4}, {""id"": 45987, ""amount"": 2}, {""id"": 17, ""amount"": 3}, {""id"": 16, ""amount"": 3}], ""complexity"": {""nq"": 580, ""hq"": 600}}]}, {""name"": ""Shaaloani Coffee"", ""id"": 45971, ""icon"": 27501, ""category"": 54, ""ilvl"": 740, ""price"": 99999, ""nodes"": [1192]}, {""name"": ""Cronopio Skin"", ""id"": 45987, ""icon"": 21820, ""category"": 52, ""ilvl"": 740, ""price"": 99999, ""tradeShops"": [{""shop"": ""Allagan Tomestones of Heliometry (Other)"", ""npcs"": [1049079], ""listings"": [{""item"": [{""id"": ""45987"", ""amount"": 1}], ""currency"": [{""id"": ""47"", ""amount"": 20}]}]}]}, {""name"": ""Diatryma Felt"", ""id"": 45978, ""icon"": 21680, ""category"": 51, ""ilvl"": 740, ""price"": 99999, ""craft"": [{""id"": 36067, ""job"": 13, ""rlvl"": 740, ""durability"": 35, ""quality"": 12716, ""progress"": 5130, ""lvl"": 100, ""materialQualityFactor"": 0, ""stars"": 3, ""hq"": 1, ""controlReq"": 4650, ""craftsmanshipReq"": 5380, ""unlockId"": 46319, ""ingredients"": [{""id"": 45972, ""amount"": 4}, {""id"": 45988, ""amount"": 2}, {""id"": 18, ""amount"": 3}, {""id"": 16, ""amount"": 3}], ""complexity"": {""nq"": 580, ""hq"": 600}}]}, {""name"": ""Cochineal Pigment"", ""id"": 45972, ""icon"": 25011, ""category"": 54, ""ilvl"": 740, ""price"": 99999, ""nodes"": [1193]}, {""name"": ""Diatryma Pelt"", ""id"": 45988, ""icon"": 21616, ""category"": 51, ""ilvl"": 740, ""price"": 99999, ""tradeShops"": [{""shop"": ""Allagan Tomestones of Heliometry (Other)"", ""npcs"": [1049079], ""listings"": [{""item"": [{""id"": ""45988"", ""amount"": 1}], ""currency"": [{""id"": ""47"", ""amount"": 20}]}]}]}, {""name"": ""Mason's Abrasive"", ""id"": 46252, ""icon"": 22603, ""category"": 54, ""ilvl"": 750, ""price"": 99999, ""tradeShops"": [{""shop"": ""Purple Scrip Exchange (Lv. 100 Materials)"", ""npcs"": [], ""listings"": [{""item"": [{""id"": ""46252"", ""amount"": 1}], ""currency"": [{""id"": ""33913"", ""amount"": 500}]}]}, {""shop"": ""Cosmocredit Exchange (Materials/Materia/Items)"", ""npcs"": [1052588, 1052600, 1052607, 1052608], ""listings"": [{""item"": [{""id"": ""46252"", ""amount"": 1}], ""currency"": [{""id"": ""45690"", ""amount"": 1000}]}]}]}]"
47189,Crested Hood of Gathering,,,,34,1,"[{""id"": 37456, ""job"": 13, ""rlvl"": 750, ""durability"": 70, ""quality"": 19000, ""progress"": 10080, ""lvl"": 100, ""materialQualityFactor"": 50, ""stars"": 3, ""hq"": 1, ""controlReq"": 4650, ""craftsmanshipReq"": 5380, ""unlockId"": 46319, ""ingredients"": [{""id"": 46251, ""amount"": 3, ""quality"": 868.90247}, {""id"": 45978, ""amount"": 4, ""quality"": 857.3171}, {""id"": 45977, ""amount"": 1, ""quality"": 857.3171}, {""id"": 46252, ""amount"": 3, ""quality"": null}, {""id"": 18, ""amount"": 3, ""quality"": null}, {""id"": 16, ""amount"": 3, ""quality"": null}], ""complexity"": {""nq"": 5070, ""hq"": 5090}}]",2089,[44437],1,2,100,1,1,t/56871,750,Disciple of the Land,32,"[""906-1-0-0""]",7.3,2,99999,2,13,33916,390,3,2,1,1,"[{""name"": ""Craftsman's Tri-solution"", ""id"": 46251, ""icon"": ""t/22703"", ""category"": 54, ""ilvl"": 750, ""price"": 99999, ""craft"": [{""id"": 37472, ""job"": 14, ""rlvl"": 750, ""durability"": 35, ""quality"": 13110, ""progress"": 5130, ""lvl"": 100, ""materialQualityFactor"": 0, ""stars"": 3, ""hq"": 1, ""controlReq"": 4650, ""craftsmanshipReq"": 5380, ""unlockId"": 46320, ""ingredients"": [{""id"": 46243, ""amount"": 4}, {""id"": 44848, ""amount"": 1}, {""id"": 46246, ""amount"": 1}, {""id"": 19, ""amount"": 3}, {""id"": 18, ""amount"": 3}], ""complexity"": {""nq"": 545, ""hq"": 565}}]}, {""name"": ""Cordia Sap"", ""id"": 46243, ""icon"": 22687, ""category"": 54, ""ilvl"": 730, ""price"": 99999, ""nodes"": [1191]}, {""name"": ""Condensed Solution"", ""id"": 44848, ""icon"": 22701, ""category"": 54, ""ilvl"": 720, ""price"": 99999, ""desynthedFrom"": [44604, 44603, 44602, 44601, 44600, 44599, 44598, 44597, 44596, 44595, 44594, 44593, 44592, 44591, 44590, 44589, 44588, 44587, 44586, 44585, 44584, 44583, 44582, 44581, 44580, 44579, 44578, 44577, 44576, 44575, 44574, 44573, 44572, 44571, 44570, 44569, 44568, 44567, 44566, 44565, 44564, 44563, 44562, 44561, 44560, 44559, 44558, 44557, 44556, 44555, 44554, 44553, 44552, 44550, 44551, 46395, 47161], ""tradeShops"": [{""shop"": ""Orange Scrip Exchange (Lv. 100 Materials/Furnishings)"", ""npcs"": [], ""listings"": [{""item"": [{""id"": ""44848"", ""amount"": 1}], ""currency"": [{""id"": ""41784"", ""amount"": 125}]}]}, {""shop"": ""Cosmocredit Exchange (Materials/Materia/Items)"", ""npcs"": [1052588, 1052600, 1052607, 1052608], ""listings"": [{""item"": [{""id"": ""44848"", ""amount"": 1}], ""currency"": [{""id"": ""45690"", ""amount"": 250}]}]}]}, {""name"": ""Levinchrome Aethersand"", ""id"": 46246, ""icon"": ""t/21248"", ""category"": 54, ""ilvl"": 730, ""price"": 99999, ""reducedFrom"": [46249, 46248, 46247], ""tradeShops"": [{""shop"": ""Orange Scrip Exchange (Lv. 100 Materials/Bait/Tokens)"", ""npcs"": [], ""listings"": [{""item"": [{""id"": ""46246"", ""amount"": 1}], ""currency"": [{""id"": ""41785"", ""amount"": 300}]}]}, {""shop"": ""Cosmocredit Exchange (Materials/Materia/Items)"", ""npcs"": [1052588, 1052600, 1052607, 1052608], ""listings"": [{""item"": [{""id"": ""46246"", ""amount"": 1}], ""currency"": [{""id"": ""45690"", ""amount"": 600}]}]}]}, {""name"": ""Diatryma Felt"", ""id"": 45978, ""icon"": 21680, ""category"": 51, ""ilvl"": 740, ""price"": 99999, ""craft"": [{""id"": 36067, ""job"": 13, ""rlvl"": 740, ""durability"": 35, ""quality"": 12716, ""progress"": 5130, ""lvl"": 100, ""materialQualityFactor"": 0, ""stars"": 3, ""hq"": 1, ""controlReq"": 4650, ""craftsmanshipReq"": 5380, ""unlockId"": 46319, ""ingredients"": [{""id"": 45972, ""amount"": 4}, {""id"": 45988, ""amount"": 2}, {""id"": 18, ""amount"": 3}, {""id"": 16, ""amount"": 3}], ""complexity"": {""nq"": 580, ""hq"": 600}}]}, {""name"": ""Cochineal Pigment"", ""id"": 45972, ""icon"": 25011, ""category"": 54, ""ilvl"": 740, ""price"": 99999, ""nodes"": [1193]}, {""name"": ""Diatryma Pelt"", ""id"": 45988, ""icon"": 21616, ""category"": 51, ""ilvl"": 740, ""price"": 99999, ""tradeShops"": [{""shop"": ""Allagan Tomestones of Heliometry (Other)"", ""npcs"": [1049079], ""listings"": [{""item"": [{""id"": ""45988"", ""amount"": 1}], ""currency"": [{""id"": ""47"", ""amount"": 20}]}]}]}, {""name"": ""Cronopio Leather"", ""id"": 45977, ""icon"": 22008, ""category"": 52, ""ilvl"": 740, ""price"": 99999, ""craft"": [{""id"": 36066, ""job"": 12, ""rlvl"": 740, ""durability"": 35, ""quality"": 12716, ""progress"": 5130, ""lvl"": 100, ""materialQualityFactor"": 0, ""stars"": 3, ""hq"": 1, ""controlReq"": 4650, ""craftsmanshipReq"": 5380, ""unlockId"": 46318, ""ingredients"": [{""id"": 45971, ""amount"": 4}, {""id"": 45987, ""amount"": 2}, {""id"": 17, ""amount"": 3}, {""id"": 16, ""amount"": 3}], ""complexity"": {""nq"": 580, ""hq"": 600}}]}, {""name"": ""Shaaloani Coffee"", ""id"": 45971, ""icon"": 27501, ""category"": 54, ""ilvl"": 740, ""price"": 99999, ""nodes"": [1192]}, {""name"": ""Cronopio Skin"", ""id"": 45987, ""icon"": 21820, ""category"": 52, ""ilvl"": 740, ""price"": 99999, ""tradeShops"": [{""shop"": ""Allagan Tomestones of Heliometry (Other)"", ""npcs"": [1049079], ""listings"": [{""item"": [{""id"": ""45987"", ""amount"": 1}], ""currency"": [{""id"": ""47"", ""amount"": 20}]}]}]}, {""name"": ""Mason's Abrasive"", ""id"": 46252, ""icon"": 22603, ""category"": 54, ""ilvl"": 750, ""price"": 99999, ""tradeShops"": [{""shop"": ""Purple Scrip Exchange (Lv. 100 Materials)"", ""npcs"": [], ""listings"": [{""item"": [{""id"": ""46252"", ""amount"": 1}], ""currency"": [{""id"": ""33913"", ""amount"": 500}]}]}, {""shop"": ""Cosmocredit Exchange (Materials/Materia/Items)"", ""npcs"": [1052588, 1052600, 1052607, 1052608], ""listings"": [{""item"": [{""id"": ""46252"", ""amount"": 1}], ""currency"": [{""id"": ""45690"", ""amount"": 1000}]}]}]}]"
47190,Crested Coat of Gathering,,,,35,1,"[{""id"": 37457, ""job"": 13, ""rlvl"": 750, ""durability"": 70, ""quality"": 19000, ""progress"": 10080, ""lvl"": 100, ""materialQualityFactor"": 50, ""stars"": 3, ""hq"": 1, ""controlReq"": 4650, ""craftsmanshipReq"": 5380, ""unlockId"": 46319, ""ingredients"": [{""id"": 46251, ""amount"": 4, ""quality"": 637.29877}, {""id"": 45978, ""amount"": 4, ""quality"": 628.80145}, {""id"": 45976, ""amount"": 3, ""quality"": 628.80145}, {""id"": 46252, ""amount"": 4, ""quality"": null}, {""id"": 18, ""amount"": 3, ""quality"": null}, {""id"": 16, ""amount"": 3, ""quality"": null}], ""complexity"": {""nq"": 5390, ""hq"": 5410}}]",2089,[44438],1,2,100,1,1,t/57292,750,Disciple of the Land,32,"[""906-1-0-0""]",7.3,2,99999,2,13,33916,650,4,2,1,1,"[{""name"": ""Craftsman's Tri-solution"", ""id"": 46251, ""icon"": ""t/22703"", ""category"": 54, ""ilvl"": 750, ""price"": 99999, ""craft"": [{""id"": 37472, ""job"": 14, ""rlvl"": 750, ""durability"": 35, ""quality"": 13110, ""progress"": 5130, ""lvl"": 100, ""materialQualityFactor"": 0, ""stars"": 3, ""hq"": 1, ""controlReq"": 4650, ""craftsmanshipReq"": 5380, ""unlockId"": 46320, ""ingredients"": [{""id"": 46243, ""amount"": 4}, {""id"": 44848, ""amount"": 1}, {""id"": 46246, ""amount"": 1}, {""id"": 19, ""amount"": 3}, {""id"": 18, ""amount"": 3}], ""complexity"": {""nq"": 545, ""hq"": 565}}]}, {""name"": ""Cordia Sap"", ""id"": 46243, ""icon"": 22687, ""category"": 54, ""ilvl"": 730, ""price"": 99999, ""nodes"": [1191]}, {""name"": ""Condensed Solution"", ""id"": 44848, ""icon"": 22701, ""category"": 54, ""ilvl"": 720, ""price"": 99999, ""desynthedFrom"": [44604, 44603, 44602, 44601, 44600, 44599, 44598, 44597, 44596, 44595, 44594, 44593, 44592, 44591, 44590, 44589, 44588, 44587, 44586, 44585, 44584, 44583, 44582, 44581, 44580, 44579, 44578, 44577, 44576, 44575, 44574, 44573, 44572, 44571, 44570, 44569, 44568, 44567, 44566, 44565, 44564, 44563, 44562, 44561, 44560, 44559, 44558, 44557, 44556, 44555, 44554, 44553, 44552, 44550, 44551, 46395, 47161], ""tradeShops"": [{""shop"": ""Orange Scrip Exchange (Lv. 100 Materials/Furnishings)"", ""npcs"": [], ""listings"": [{""item"": [{""id"": ""44848"", ""amount"": 1}], ""currency"": [{""id"": ""41784"", ""amount"": 125}]}]}, {""shop"": ""Cosmocredit Exchange (Materials/Materia/Items)"", ""npcs"": [1052588, 1052600, 1052607, 1052608], ""listings"": [{""item"": [{""id"": ""44848"", ""amount"": 1}], ""currency"": [{""id"": ""45690"", ""amount"": 250}]}]}]}, {""name"": ""Levinchrome Aethersand"", ""id"": 46246, ""icon"": ""t/21248"", ""category"": 54, ""ilvl"": 730, ""price"": 99999, ""reducedFrom"": [46249, 46248, 46247], ""tradeShops"": [{""shop"": ""Orange Scrip Exchange (Lv. 100 Materials/Bait/Tokens)"", ""npcs"": [], ""listings"": [{""item"": [{""id"": ""46246"", ""amount"": 1}], ""currency"": [{""id"": ""41785"", ""amount"": 300}]}]}, {""shop"": ""Cosmocredit Exchange (Materials/Materia/Items)"", ""npcs"": [1052588, 1052600, 1052607, 1052608], ""listings"": [{""item"": [{""id"": ""46246"", ""amount"": 1}], ""currency"": [{""id"": ""45690"", ""amount"": 600}]}]}]}, {""name"": ""Diatryma Felt"", ""id"": 45978, ""icon"": 21680, ""category"": 51, ""ilvl"": 740, ""price"": 99999, ""craft"": [{""id"": 36067, ""job"": 13, ""rlvl"": 740, ""durability"": 35, ""quality"": 12716, ""progress"": 5130, ""lvl"": 100, ""materialQualityFactor"": 0, ""stars"": 3, ""hq"": 1, ""controlReq"": 4650, ""craftsmanshipReq"": 5380, ""unlockId"": 46319, ""ingredients"": [{""id"": 45972, ""amount"": 4}, {""id"": 45988, ""amount"": 2}, {""id"": 18, ""amount"": 3}, {""id"": 16, ""amount"": 3}], ""complexity"": {""nq"": 580, ""hq"": 600}}]}, {""name"": ""Cochineal Pigment"", ""id"": 45972, ""icon"": 25011, ""category"": 54, ""ilvl"": 740, ""price"": 99999, ""nodes"": [1193]}, {""name"": ""Diatryma Pelt"", ""id"": 45988, ""icon"": 21616, ""category"": 51, ""ilvl"": 740, ""price"": 99999, ""tradeShops"": [{""shop"": ""Allagan Tomestones of Heliometry (Other)"", ""npcs"": [1049079], ""listings"": [{""item"": [{""id"": ""45988"", ""amount"": 1}], ""currency"": [{""id"": ""47"", ""amount"": 20}]}]}]}, {""name"": ""Rhodochrosite"", ""id"": 45976, ""icon"": 21284, ""category"": 48, ""ilvl"": 740, ""price"": 99999, ""craft"": [{""id"": 36065, ""job"": 11, ""rlvl"": 740, ""durability"": 35, ""quality"": 12716, ""progress"": 5130, ""lvl"": 100, ""materialQualityFactor"": 0, ""stars"": 3, ""hq"": 1, ""controlReq"": 4650, ""craftsmanshipReq"": 5380, ""unlockId"": 46317, ""ingredients"": [{""id"": 45970, ""amount"": 4}, {""id"": 45986, ""amount"": 2}, {""id"": 16, ""amount"": 3}, {""id"": 14, ""amount"": 3}], ""complexity"": {""nq"": 580, ""hq"": 600}}], ""desynthedFrom"": [46036]}, {""name"": ""Raw Rhodochrosite"", ""id"": 45970, ""icon"": 21471, ""category"": 48, ""ilvl"": 740, ""price"": 99999, ""nodes"": [1188]}, {""name"": ""Neo Abrasive"", ""id"": 45986, ""icon"": 21479, ""category"": 48, ""ilvl"": 740, ""price"": 99999, ""tradeShops"": [{""shop"": ""Allagan Tomestones of Heliometry (Other)"", ""npcs"": [1049079], ""listings"": [{""item"": [{""id"": ""45986"", ""amount"": 1}], ""currency"": [{""id"": ""47"", ""amount"": 20}]}]}]}, {""name"": ""Mason's Abrasive"", ""id"": 46252, ""icon"": 22603, ""category"": 54, ""ilvl"": 750, ""price"": 99999, ""tradeShops"": [{""shop"": ""Purple Scrip Exchange (Lv. 100 Materials)"", ""npcs"": [], ""listings"": [{""item"": [{""id"": ""46252"", ""amount"": 1}], ""currency"": [{""id"": ""33913"", ""amount"": 500}]}]}, {""shop"": ""Cosmocredit Exchange (Materials/Materia/Items)"", ""npcs"": [1052588, 1052600, 1052607, 1052608], ""listings"": [{""item"": [{""id"": ""46252"", ""amount"": 1}], ""currency"": [{""id"": ""45690"", ""amount"": 1000}]}]}]}]"
47191,Crested Gloves of Gathering,,,,37,1,"[{""id"": 37458, ""job"": 12, ""rlvl"": 750, ""durability"": 70, ""quality"": 19000, ""progress"": 10080, ""lvl"": 100, ""materialQualityFactor"": 50, ""stars"": 3, ""hq"": 1, ""controlReq"": 4650, ""craftsmanshipReq"": 5380, ""unlockId"": 46318, ""ingredients"": [{""id"": 46251, ""amount"": 3, ""quality"": 868.90247}, {""id"": 45977, ""amount"": 3, ""quality"": 857.3171}, {""id"": 45978, ""amount"": 2, ""quality"": 857.3171}, {""id"": 46252, ""amount"": 3, ""quality"": null}, {""id"": 17, ""amount"": 3, ""quality"": null}, {""id"": 16, ""amount"": 3, ""quality"": null}], ""complexity"": {""nq"": 5070, ""hq"": 5090}}]",2089,[44439],1,2,100,1,1,t/56380,750,Disciple of the Land,32,"[""906-1-0-0""]",7.3,2,99999,2,12,33916,390,5,2,1,1,"[{""name"": ""Craftsman's Tri-solution"", ""id"": 46251, ""icon"": ""t/22703"", ""category"": 54, ""ilvl"": 750, ""price"": 99999, ""craft"": [{""id"": 37472, ""job"": 14, ""rlvl"": 750, ""durability"": 35, ""quality"": 13110, ""progress"": 5130, ""lvl"": 100, ""materialQualityFactor"": 0, ""stars"": 3, ""hq"": 1, ""controlReq"": 4650, ""craftsmanshipReq"": 5380, ""unlockId"": 46320, ""ingredients"": [{""id"": 46243, ""amount"": 4}, {""id"": 44848, ""amount"": 1}, {""id"": 46246, ""amount"": 1}, {""id"": 19, ""amount"": 3}, {""id"": 18, ""amount"": 3}], ""complexity"": {""nq"": 545, ""hq"": 565}}]}, {""name"": ""Cordia Sap"", ""id"": 46243, ""icon"": 22687, ""category"": 54, ""ilvl"": 730, ""price"": 99999, ""nodes"": [1191]}, {""name"": ""Condensed Solution"", ""id"": 44848, ""icon"": 22701, ""category"": 54, ""ilvl"": 720, ""price"": 99999, ""desynthedFrom"": [44604, 44603, 44602, 44601, 44600, 44599, 44598, 44597, 44596, 44595, 44594, 44593, 44592, 44591, 44590, 44589, 44588, 44587, 44586, 44585, 44584, 44583, 44582, 44581, 44580, 44579, 44578, 44577, 44576, 44575, 44574, 44573, 44572, 44571, 44570, 44569, 44568, 44567, 44566, 44565, 44564, 44563, 44562, 44561, 44560, 44559, 44558, 44557, 44556, 44555, 44554, 44553, 44552, 44550, 44551, 46395, 47161], ""tradeShops"": [{""shop"": ""Orange Scrip Exchange (Lv. 100 Materials/Furnishings)"", ""npcs"": [], ""listings"": [{""item"": [{""id"": ""44848"", ""amount"": 1}], ""currency"": [{""id"": ""41784"", ""amount"": 125}]}]}, {""shop"": ""Cosmocredit Exchange (Materials/Materia/Items)"", ""npcs"": [1052588, 1052600, 1052607, 1052608], ""listings"": [{""item"": [{""id"": ""44848"", ""amount"": 1}], ""currency"": [{""id"": ""45690"", ""amount"": 250}]}]}]}, {""name"": ""Levinchrome Aethersand"", ""id"": 46246, ""icon"": ""t/21248"", ""category"": 54, ""ilvl"": 730, ""price"": 99999, ""reducedFrom"": [46249, 46248, 46247], ""tradeShops"": [{""shop"": ""Orange Scrip Exchange (Lv. 100 Materials/Bait/Tokens)"", ""npcs"": [], ""listings"": [{""item"": [{""id"": ""46246"", ""amount"": 1}], ""currency"": [{""id"": ""41785"", ""amount"": 300}]}]}, {""shop"": ""Cosmocredit Exchange (Materials/Materia/Items)"", ""npcs"": [1052588, 1052600, 1052607, 1052608], ""listings"": [{""item"": [{""id"": ""46246"", ""amount"": 1}], ""currency"": [{""id"": ""45690"", ""amount"": 600}]}]}]}, {""name"": ""Cronopio Leather"", ""id"": 45977, ""icon"": 22008, ""category"": 52, ""ilvl"": 740, ""price"": 99999, ""craft"": [{""id"": 36066, ""job"": 12, ""rlvl"": 740, ""durability"": 35, ""quality"": 12716, ""progress"": 5130, ""lvl"": 100, ""materialQualityFactor"": 0, ""stars"": 3, ""hq"": 1, ""controlReq"": 4650, ""craftsmanshipReq"": 5380, ""unlockId"": 46318, ""ingredients"": [{""id"": 45971, ""amount"": 4}, {""id"": 45987, ""amount"": 2}, {""id"": 17, ""amount"": 3}, {""id"": 16, ""amount"": 3}], ""complexity"": {""nq"": 580, ""hq"": 600}}]}, {""name"": ""Shaaloani Coffee"", ""id"": 45971, ""icon"": 27501, ""category"": 54, ""ilvl"": 740, ""price"": 99999, ""nodes"": [1192]}, {""name"": ""Cronopio Skin"", ""id"": 45987, ""icon"": 21820, ""category"": 52, ""ilvl"": 740, ""price"": 99999, ""tradeShops"": [{""shop"": ""Allagan Tomestones of Heliometry (Other)"", ""npcs"": [1049079], ""listings"": [{""item"": [{""id"": ""45987"", ""amount"": 1}], ""currency"": [{""id"": ""47"", ""amount"": 20}]}]}]}, {""name"": ""Diatryma Felt"", ""id"": 45978, ""icon"": 21680, ""category"": 51, ""ilvl"": 740, ""price"": 99999, ""craft"": [{""id"": 36067, ""job"": 13, ""rlvl"": 740, ""durability"": 35, ""quality"": 12716, ""progress"": 5130, ""lvl"": 100, ""materialQualityFactor"": 0, ""stars"": 3, ""hq"": 1, ""controlReq"": 4650, ""craftsmanshipReq"": 5380, ""unlockId"": 46319, ""ingredients"": [{""id"": 45972, ""amount"": 4}, {""id"": 45988, ""amount"": 2}, {""id"": 18, ""amount"": 3}, {""id"": 16, ""amount"": 3}], ""complexity"": {""nq"": 580, ""hq"": 600}}]}, {""name"": ""Cochineal Pigment"", ""id"": 45972, ""icon"": 25011, ""category"": 54, ""ilvl"": 740, ""price"": 99999, ""nodes"": [1193]}, {""name"": ""Diatryma Pelt"", ""id"": 45988, ""icon"": 21616, ""category"": 51, ""ilvl"": 740, ""price"": 99999, ""tradeShops"": [{""shop"": ""Allagan Tomestones of Heliometry (Other)"", ""npcs"": [1049079], ""listings"": [{""item"": [{""id"": ""45988"", ""amount"": 1}], ""currency"": [{""id"": ""47"", ""amount"": 20}]}]}]}, {""name"": ""Mason's Abrasive"", ""id"": 46252, ""icon"": 22603, ""category"": 54, ""ilvl"": 750, ""price"": 99999, ""tradeShops"": [{""shop"": ""Purple Scrip Exchange (Lv. 100 Materials)"", ""npcs"": [], ""listings"": [{""item"": [{""id"": ""46252"", ""amount"": 1}], ""currency"": [{""id"": ""33913"", ""amount"": 500}]}]}, {""shop"": ""Cosmocredit Exchange (Materials/Materia/Items)"", ""npcs"": [1052588, 1052600, 1052607, 1052608], ""listings"": [{""item"": [{""id"": ""46252"", ""amount"": 1}], ""currency"": [{""id"": ""45690"", ""amount"": 1000}]}]}]}]"
61,"",,,,,,,,,,,,,,,,,,,,,,,,,,,,,,
62,"",,,,,,,,,,,,,,,,,,,,,,,,,,,,,,
63,"",,,,,,,,,,,,,,,,,,,,,,,,,,,,,,
64,"",,,,,,,,,,,,,,,,,,,,,,,,,,,,,,
65,"",,,,,,,,,,,,,,,,,,,,,,,,,,,,,,
66,"",,,,,,,,,,,,,,,,,,,,,,,,,,,,,,
67,"",,,,,,,,,,,,,,,,,,,,,,,,,,,,,,
68,"",,,,,,,,,,,,,,,,,,,,,,,,,,,,,,
69,"",,,,,,,,,,,,,,,,,,,,,,,,,,,,,,
70,"",,,,,,,,,,,,,,,,,,,,,,,,,,,,,,
71,"",,,,,,,,,,,,,,,,,,,,,,,,,,,,,,
72,"",,,,,,,,,,,,,,,,,,,,,,,,,,,,,,
73,"",,,,,,,,,,,,,,,,,,,,,,,,,,,,,,
74,"",,,,,,,,,,,,,,,,,,,,,,,,,,,,,,
75,"",,,,,,,,,,,,,,,,,,,,,,,,,,,,,,
76,"",,,,,,,,,,,,,,,,,,,,,,,,,,,,,,
77,"",,,,,,,,,,,,,,,,,,,,,,,,,,,,,,
78,"",,,,,,,,,,,,,,,,,,,,,,,,,,,,,,
79,"",,,,,,,,,,,,,,,,,,,,,,,,,,,,,,
80,"",,,,,,,,,,,,,,,,,,,,,,,,,,,,,,
81,"",,,,,,,,,,,,,,,,,,,,,,,,,,,,,,
82,"",,,,,,,,,,,,,,,,,,,,,,,,,,,,,,
83,"",,,,,,,,,,,,,,,,,,,,,,,,,,,,,,
84,"",,,,,,,,,,,,,,,,,,,,,,,,,,,,,,
85,"",,,,,,,,,,,,,,,,,,,,,,,,,,,,,,
86,"",,,,,,,,,,,,,,,,,,,,,,,,,,,,,,
87,"",,,,,,,,,,,,,,,,,,,,,,,,,,,,,,
88,"",,,,,,,,,,,,,,,,,,,,,,,,,,,,,,
89,"",,,,,,,,,,,,,,,,,,,,,,,,,,,,,,
90,"",,,,,,,,,,,,,,,,,,,,,,,,,,,,,,
91,"",,,,,,,,,,,,,,,,,,,,,,,,,,,,,,
92,"",,,,,,,,,,,,,,,,,,,,,,,,,,,,,,
93,"",,,,,,,,,,,,,,,,,,,,,,,,,,,,,,
94,"",,,,,,,,,,,,,,,,,,,,,,,,,,,,,,
95,"",,,,,,,,,,,,,,,,,,,,,,,,,,,,,,
96,"",,,,,,,,,,,,,,,,,,,,,,,,,,,,,,
97,"",,,,,,,,,,,,,,,,,,,,,,,,,,,,,,
98,"",,,,,,,,,,,,,,,,,,,,,,,,,,,,,,
99,"",,,,,,,,,,,,,,,,,,,,,,,,,,,,,,
100,"",,,,,,,,,,,,,,,,,,,,,,,,,,,,,,
101,"",,,,,,,,,,,,,,,,,,,,,,,,,,,,,,
102,"",,,,,,,,,,,,,,,,,,,,,,,,,,,,,,
103,"",,,,,,,,,,,,,,,,,,,,,,,,,,,,,,
104,"",,,,,,,,,,,,,,,,,,,,,,,,,,,,,,
105,"",,,,,,,,,,,,,,,,,,,,,,,,,,,,,,
106,"",,,,,,,,,,,,,,,,,,,,,,,,,,,,,,
107,"",,,,,,,,,,,,,,,,,,,,,,,,,,,,,,
108,"",,,,,,,,,,,,,,,,,,,,,,,,,,,,,,
109,"",,,,,,,,,,,,,,,,,,,,,,,,,,,,,,
110,"",,,,,,,,,,,,,,,,,,,,,,,,,,,,,,
111,"",,,,,,,,,,,,,,,,,,,,,,,,,,,,,,
112,"",,,,,,,,,,,,,,,,,,,,,,,,,,,,,,
113,"",,,,,,,,,,,,,,,,,,,,,,,,,,,,,,
114,"",,,,,,,,,,,,,,,,,,,,,,,,,,,,,,
115,"",,,,,,,,,,,,,,,,,,,,,,,,,,,,,,
116,"",,,,,,,,,,,,,,,,,,,,,,,,,,,,,,
117,"",,,,,,,,,,,,,,,,,,,,,,,,,,,,,,
118,"",,,,,,,,,,,,,,,,,,,,,,,,,,,,,,
119,"",,,,,,,,,,,,,,,,,,,,,,,,,,,,,,
120,"",,,,,,,,,,,,,,,,,,,,,,,,,,,,,,
121,"",,,,,,,,,,,,,,,,,,,,,,,,,,,,,,
122,"",,,,,,,,,,,,,,,,,,,,,,,,,,,,,,
123,"",,,,,,,,,,,,,,,,,,,,,,,,,,,,,,
124,"",,,,,,,,,,,,,,,,,,,,,,,,,,,,,,
125,"",,,,,,,,,,,,,,,,,,,,,,,,,,,,,,
126,"",,,,,,,,,,,,,,,,,,,,,,,,,,,,,,
127,"",,,,,,,,,,,,,,,,,,,,,,,,,,,,,,
128,"",,,,,,,,,,,,,,,,,,,,,,,,,,,,,,
129,"",,,,,,,,,,,,,,,,,,,,,,,,,,,,,,
130,"",,,,,,,,,,,,,,,,,,,,,,,,,,,,,,
131,"",,,,,,,,,,,,,,,,,,,,,,,,,,,,,,
132,"",,,,,,,,,,,,,,,,,,,,,,,,,,,,,,
133,"",,,,,,,,,,,,,,,,,,,,,,,,,,,,,,
134,"",,,,,,,,,,,,,,,,,,,,,,,,,,,,,,
135,"",,,,,,,,,,,,,,,,,,,,,,,,,,,,,,
136,"",,,,,,,,,,,,,,,,,,,,,,,,,,,,,,
137,"",,,,,,,,,,,,,,,,,,,,,,,,,,,,,,
138,"",,,,,,,,,,,,,,,,,,,,,,,,,,,,,,
139,"",,,,,,,,,,,,,,,,,,,,,,,,,,,,,,
140,"",,,,,,,,,,,,,,,,,,,,,,,,,,,,,,
141,"",,,,,,,,,,,,,,,,,,,,,,,,,,,,,,
142,"",,,,,,,,,,,,,,,,,,,,,,,,,,,,,,
143,"",,,,,,,,,,,,,,,,,,,,,,,,,,,,,,
144,"",,,,,,,,,,,,,,,,,,,,,,,,,,,,,,
145,"",,,,,,,,,,,,,,,,,,,,,,,,,,,,,,
146,"",,,,,,,,,,,,,,,,,,,,,,,,,,,,,,
147,"",,,,,,,,,,,,,,,,,,,,,,,,,,,,,,
148,"",,,,,,,,,,,,,,,,,,,,,,,,,,,,,,
149,"",,,,,,,,,,,,,,,,,,,,,,,,,,,,,,
150,"",,,,,,,,,,,,,,,,,,,,,,,,,,,,,,
151,"",,,,,,,,,,,,,,,,,,,,,,,,,,,,,,
152,"",,,,,,,,,,,,,,,,,,,,,,,,,,,,,,
153,"",,,,,,,,,,,,,,,,,,,,,,,,,,,,,,
154,"",,,,,,,,,,,,,,,,,,,,,,,,,,,,,,
155,"",,,,,,,,,,,,,,,,,,,,,,,,,,,,,,
156,"",,,,,,,,,,,,,,,,,,,,,,,,,,,,,,
157,"",,,,,,,,,,,,,,,,,,,,,,,,,,,,,,
158,"",,,,,,,,,,,,,,,,,,,,,,,,,,,,,,
159,"",,,,,,,,,,,,,,,,,,,,,,,,,,,,,,
160,"",,,,,,,,,,,,,,,,,,,,,,,,,,,,,,
161,"",,,,,,,,,,,,,,,,,,,,,,,,,,,,,,
162,"",,,,,,,,,,,,,,,,,,,,,,,,,,,,,,
163,"",,,,,,,,,,,,,,,,,,,,,,,,,,,,,,
164,"",,,,,,,,,,,,,,,,,,,,,,,,,,,,,,
165,"",,,,,,,,,,,,,,,,,,,,,,,,,,,,,,
166,"",,,,,,,,,,,,,,,,,,,,,,,,,,,,,,
167,"",,,,,,,,,,,,,,,,,,,,,,,,,,,,,,
168,"",,,,,,,,,,,,,,,,,,,,,,,,,,,,,,
169,"",,,,,,,,,,,,,,,,,,,,,,,,,,,,,,
170,"",,,,,,,,,,,,,,,,,,,,,,,,,,,,,,
171,"",,,,,,,,,,,,,,,,,,,,,,,,,,,,,,
172,"",,,,,,,,,,,,,,,,,,,,,,,,,,,,,,
173,"",,,,,,,,,,,,,,,,,,,,,,,,,,,,,,
174,"",,,,,,,,,,,,,,,,,,,,,,,,,,,,,,
175,"",,,,,,,,,,,,,,,,,,,,,,,,,,,,,,
176,"",,,,,,,,,,,,,,,,,,,,,,,,,,,,,,
177,"",,,,,,,,,,,,,,,,,,,,,,,,,,,,,,
178,"",,,,,,,,,,,,,,,,,,,,,,,,,,,,,,
179,"",,,,,,,,,,,,,,,,,,,,,,,,,,,,,,
180,"",,,,,,,,,,,,,,,,,,,,,,,,,,,,,,
181,"",,,,,,,,,,,,,,,,,,,,,,,,,,,,,,
182,"",,,,,,,,,,,,,,,,,,,,,,,,,,,,,,
183,"",,,,,,,,,,,,,,,,,,,,,,,,,,,,,,
184,"",,,,,,,,,,,,,,,,,,,,,,,,,,,,,,
185,"",,,,,,,,,,,,,,,,,,,,,,,,,,,,,,
186,"",,,,,,,,,,,,,,,,,,,,,,,,,,,,,,
187,"",,,,,,,,,,,,,,,,,,,,,,,,,,,,,,
188,"",,,,,,,,,,,,,,,,,,,,,,,,,,,,,,
189,"",,,,,,,,,,,,,,,,,,,,,,,,,,,,,,
190,"",,,,,,,,,,,,,,,,,,,,,,,,,,,,,,
191,"",,,,,,,,,,,,,,,,,,,,,,,,,,,,,,
192,"",,,,,,,,,,,,,,,,,,,,,,,,,,,,,,
193,"",,,,,,,,,,,,,,,,,,,,,,,,,,,,,,
194,"",,,,,,,,,,,,,,,,,,,,,,,,,,,,,,
195,"",,,,,,,,,,,,,,,,,,,,,,,,,,,,,,
196,"",,,,,,,,,,,,,,,,,,,,,,,,,,,,,,
197,"",,,,,,,,,,,,,,,,,,,,,,,,,,,,,,
198,"",,,,,,,,,,,,,,,,,,,,,,,,,,,,,,
199,"",,,,,,,,,,,,,,,,,,,,,,,,,,,,,,
200,"",,,,,,,,,,,,,,,,,,,,,,,,,,,,,,
201,"",,,,,,,,,,,,,,,,,,,,,,,,,,,,,,
202,"",,,,,,,,,,,,,,,,,,,,,,,,,,,,,,
203,"",,,,,,,,,,,,,,,,,,,,,,,,,,,,,,
204,"",,,,,,,,,,,,,,,,,,,,,,,,,,,,,,
205,"",,,,,,,,,,,,,,,,,,,,,,,,,,,,,,
206,"",,,,,,,,,,,,,,,,,,,,,,,,,,,,,,
207,"",,,,,,,,,,,,,,,,,,,,,,,,,,,,,,
208,"",,,,,,,,,,,,,,,,,,,,,,,,,,,,,,
209,"",,,,,,,,,,,,,,,,,,,,,,,,,,,,,,
210,"",,,,,,,,,,,,,,,,,,,,,,,,,,,,,,
211,"",,,,,,,,,,,,,,,,,,,,,,,,,,,,,,
212,"",,,,,,,,,,,,,,,,,,,,,,,,,,,,,,
213,"",,,,,,,,,,,,,,,,,,,,,,,,,,,,,,
214,"",,,,,,,,,,,,,,,,,,,,,,,,,,,,,,
215,"",,,,,,,,,,,,,,,,,,,,,,,,,,,,,,
216,"",,,,,,,,,,,,,,,,,,,,,,,,,,,,,,
217,"",,,,,,,,,,,,,,,,,,,,,,,,,,,,,,
218,"",,,,,,,,,,,,,,,,,,,,,,,,,,,,,,
219,"",,,,,,,,,,,,,,,,,,,,,,,,,,,,,,
220,"",,,,,,,,,,,,,,,,,,,,,,,,,,,,,,
221,"",,,,,,,,,,,,,,,,,,,,,,,,,,,,,,
222,"",,,,,,,,,,,,,,,,,,,,,,,,,,,,,,
223,"",,,,,,,,,,,,,,,,,,,,,,,,,,,,,,
224,"",,,,,,,,,,,,,,,,,,,,,,,,,,,,,,
225,"",,,,,,,,,,,,,,,,,,,,,,,,,,,,,,
226,"",,,,,,,,,,,,,,,,,,,,,,,,,,,,,,
227,"",,,,,,,,,,,,,,,,,,,,,,,,,,,,,,
228,"",,,,,,,,,,,,,,,,,,,,,,,,,,,,,,
229,"",,,,,,,,,,,,,,,,,,,,,,,,,,,,,,
230,"",,,,,,,,,,,,,,,,,,,,,,,,,,,,,,
231,"",,,,,,,,,,,,,,,,,,,,,,,,,,,,,,
232,"",,,,,,,,,,,,,,,,,,,,,,,,,,,,,,
233,"",,,,,,,,,,,,,,,,,,,,,,,,,,,,,,
234,"",,,,,,,,,,,,,,,,,,,,,,,,,,,,,,
235,"",,,,,,,,,,,,,,,,,,,,,,,,,,,,,,
236,"",,,,,,,,,,,,,,,,,,,,,,,,,,,,,,
237,"",,,,,,,,,,,,,,,,,,,,,,,,,,,,,,
238,"",,,,,,,,,,,,,,,,,,,,,,,,,,,,,,
239,"",,,,,,,,,,,,,,,,,,,,,,,,,,,,,,
240,"",,,,,,,,,,,,,,,,,,,,,,,,,,,,,,
241,"",,,,,,,,,,,,,,,,,,,,,,,,,,,,,,
242,"",,,,,,,,,,,,,,,,,,,,,,,,,,,,,,
243,"",,,,,,,,,,,,,,,,,,,,,,,,,,,,,,
244,"",,,,,,,,,,,,,,,,,,,,,,,,,,,,,,
245,"",,,,,,,,,,,,,,,,,,,,,,,,,,,,,,
246,"",,,,,,,,,,,,,,,,,,,,,,,,,,,,,,
247,"",,,,,,,,,,,,,,,,,,,,,,,,,,,,,,
248,"",,,,,,,,,,,,,,,,,,,,,,,,,,,,,,
249,"",,,,,,,,,,,,,,,,,,,,,,,,,,,,,,
250,"",,,,,,,,,,,,,,,,,,,,,,,,,,,,,,
251,"",,,,,,,,,,,,,,,,,,,,,,,,,,,,,,
252,"",,,,,,,,,,,,,,,,,,,,,,,,,,,,,,
253,"",,,,,,,,,,,,,,,,,,,,,,,,,,,,,,
254,"",,,,,,,,,,,,,,,,,,,,,,,,,,,,,,
255,"",,,,,,,,,,,,,,,,,,,,,,,,,,,,,,
256,"",,,,,,,,,,,,,,,,,,,,,,,,,,,,,,
257,"",,,,,,,,,,,,,,,,,,,,,,,,,,,,,,
258,"",,,,,,,,,,,,,,,,,,,,,,,,,,,,,,
259,"",,,,,,,,,,,,,,,,,,,,,,,,,,,,,,
260,"",,,,,,,,,,,,,,,,,,,,,,,,,,,,,,
261,"",,,,,,,,,,,,,,,,,,,,,,,,,,,,,,
262,"",,,,,,,,,,,,,,,,,,,,,,,,,,,,,,
263,"",,,,,,,,,,,,,,,,,,,,,,,,,,,,,,
264,"",,,,,,,,,,,,,,,,,,,,,,,,,,,,,,
265,"",,,,,,,,,,,,,,,,,,,,,,,,,,,,,,
266,"",,,,,,,,,,,,,,,,,,,,,,,,,,,,,,
267,"",,,,,,,,,,,,,,,,,,,,,,,,,,,,,,
268,"",,,,,,,,,,,,,,,,,,,,,,,,,,,,,,
269,"",,,,,,,,,,,,,,,,,,,,,,,,,,,,,,
270,"",,,,,,,,,,,,,,,,,,,,,,,,,,,,,,
271,"",,,,,,,,,,,,,,,,,,,,,,,,,,,,,,
272,"",,,,,,,,,,,,,,,,,,,,,,,,,,,,,,
273,"",,,,,,,,,,,,,,,,,,,,,,,,,,,,,,
274,"",,,,,,,,,,,,,,,,,,,,,,,,,,,,,,
275,"",,,,,,,,,,,,,,,,,,,,,,,,,,,,,,
276,"",,,,,,,,,,,,,,,,,,,,,,,,,,,,,,
277,"",,,,,,,,,,,,,,,,,,,,,,,,,,,,,,
278,"",,,,,,,,,,,,,,,,,,,,,,,,,,,,,,
279,"",,,,,,,,,,,,,,,,,,,,,,,,,,,,,,
280,"",,,,,,,,,,,,,,,,,,,,,,,,,,,,,,
281,"",,,,,,,,,,,,,,,,,,,,,,,,,,,,,,
282,"",,,,,,,,,,,,,,,,,,,,,,,,,,,,,,
283,"",,,,,,,,,,,,,,,,,,,,,,,,,,,,,,
284,"",,,,,,,,,,,,,,,,,,,,,,,,,,,,,,
285,"",,,,,,,,,,,,,,,,,,,,,,,,,,,,,,
286,"",,,,,,,,,,,,,,,,,,,,,,,,,,,,,,
287,"",,,,,,,,,,,,,,,,,,,,,,,,,,,,,,
288,"",,,,,,,,,,,,,,,,,,,,,,,,,,,,,,
289,"",,,,,,,,,,,,,,,,,,,,,,,,,,,,,,
290,"",,,,,,,,,,,,,,,,,,,,,,,,,,,,,,
291,"",,,,,,,,,,,,,,,,,,,,,,,,,,,,,,
292,"",,,,,,,,,,,,,,,,,,,,,,,,,,,,,,
293,"",,,,,,,,,,,,,,,,,,,,,,,,,,,,,,
294,"",,,,,,,,,,,,,,,,,,,,,,,,,,,,,,
295,"",,,,,,,,,,,,,,,,,,,,,,,,,,,,,,
296,"",,,,,,,,,,,,,,,,,,,,,,,,,,,,,,
297,"",,,,,,,,,,,,,,,,,,,,,,,,,,,,,,
298,"",,,,,,,,,,,,,,,,,,,,,,,,,,,,,,
299,"",,,,,,,,,,,,,,,,,,,,,,,,,,,,,,
300,"",,,,,,,,,,,,,,,,,,,,,,,,,,,,,,
301,"",,,,,,,,,,,,,,,,,,,,,,,,,,,,,,
302,"",,,,,,,,,,,,,,,,,,,,,,,,,,,,,,
303,"",,,,,,,,,,,,,,,,,,,,,,,,,,,,,,
304,"",,,,,,,,,,,,,,,,,,,,,,,,,,,,,,
305,"",,,,,,,,,,,,,,,,,,,,,,,,,,,,,,
306,"",,,,,,,,,,,,,,,,,,,,,,,,,,,,,,
307,"",,,,,,,,,,,,,,,,,,,,,,,,,,,,,,
308,"",,,,,,,,,,,,,,,,,,,,,,,,,,,,,,
309,"",,,,,,,,,,,,,,,,,,,,,,,,,,,,,,
310,"",,,,,,,,,,,,,,,,,,,,,,,,,,,,,,
311,"",,,,,,,,,,,,,,,,,,,,,,,,,,,,,,
312,"",,,,,,,,,,,,,,,,,,,,,,,,,,,,,,
313,"",,,,,,,,,,,,,,,,,,,,,,,,,,,,,,
314,"",,,,,,,,,,,,,,,,,,,,,,,,,,,,,,
315,"",,,,,,,,,,,,,,,,,,,,,,,,,,,,,,
316,"",,,,,,,,,,,,,,,,,,,,,,,,,,,,,,
317,"",,,,,,,,,,,,,,,,,,,,,,,,,,,,,,
318,"",,,,,,,,,,,,,,,,,,,,,,,,,,,,,,
319,"",,,,,,,,,,,,,,,,,,,,,,,,,,,,,,
320,"",,,,,,,,,,,,,,,,,,,,,,,,,,,,,,
321,"",,,,,,,,,,,,,,,,,,,,,,,,,,,,,,
322,"",,,,,,,,,,,,,,,,,,,,,,,,,,,,,,
323,"",,,,,,,,,,,,,,,,,,,,,,,,,,,,,,
324,"",,,,,,,,,,,,,,,,,,,,,,,,,,,,,,
325,"",,,,,,,,,,,,,,,,,,,,,,,,,,,,,,
326,"",,,,,,,,,,,,,,,,,,,,,,,,,,,,,,
327,"",,,,,,,,,,,,,,,,,,,,,,,,,,,,,,
328,"",,,,,,,,,,,,,,,,,,,,,,,,,,,,,,
329,"",,,,,,,,,,,,,,,,,,,,,,,,,,,,,,
330,"",,,,,,,,,,,,,,,,,,,,,,,,,,,,,,
331,"",,,,,,,,,,,,,,,,,,,,,,,,,,,,,,
332,"",,,,,,,,,,,,,,,,,,,,,,,,,,,,,,
333,"",,,,,,,,,,,,,,,,,,,,,,,,,,,,,,
334,"",,,,,,,,,,,,,,,,,,,,,,,,,,,,,,
335,"",,,,,,,,,,,,,,,,,,,,,,,,,,,,,,
336,"",,,,,,,,,,,,,,,,,,,,,,,,,,,,,,
337,"",,,,,,,,,,,,,,,,,,,,,,,,,,,,,,
338,"",,,,,,,,,,,,,,,,,,,,,,,,,,,,,,
339,"",,,,,,,,,,,,,,,,,,,,,,,,,,,,,,
340,"",,,,,,,,,,,,,,,,,,,,,,,,,,,,,,
341,"",,,,,,,,,,,,,,,,,,,,,,,,,,,,,,
342,"",,,,,,,,,,,,,,,,,,,,,,,,,,,,,,
343,"",,,,,,,,,,,,,,,,,,,,,,,,,,,,,,
344,"",,,,,,,,,,,,,,,,,,,,,,,,,,,,,,
345,"",,,,,,,,,,,,,,,,,,,,,,,,,,,,,,
346,"",,,,,,,,,,,,,,,,,,,,,,,,,,,,,,
347,"",,,,,,,,,,,,,,,,,,,,,,,,,,,,,,
348,"",,,,,,,,,,,,,,,,,,,,,,,,,,,,,,
349,"",,,,,,,,,,,,,,,,,,,,,,,,,,,,,,
350,"",,,,,,,,,,,,,,,,,,,,,,,,,,,,,,
351,"",,,,,,,,,,,,,,,,,,,,,,,,,,,,,,
352,"",,,,,,,,,,,,,,,,,,,,,,,,,,,,,,
353,"",,,,,,,,,,,,,,,,,,,,,,,,,,,,,,
354,"",,,,,,,,,,,,,,,,,,,,,,,,,,,,,,
355,"",,,,,,,,,,,,,,,,,,,,,,,,,,,,,,
356,"",,,,,,,,,,,,,,,,,,,,,,,,,,,,,,
357,"",,,,,,,,,,,,,,,,,,,,,,,,,,,,,,
358,"",,,,,,,,,,,,,,,,,,,,,,,,,,,,,,
359,"",,,,,,,,,,,,,,,,,,,,,,,,,,,,,,
360,"",,,,,,,,,,,,,,,,,,,,,,,,,,,,,,
361,"",,,,,,,,,,,,,,,,,,,,,,,,,,,,,,
362,"",,,,,,,,,,,,,,,,,,,,,,,,,,,,,,
363,"",,,,,,,,,,,,,,,,,,,,,,,,,,,,,,
364,"",,,,,,,,,,,,,,,,,,,,,,,,,,,,,,
365,"",,,,,,,,,,,,,,,,,,,,,,,,,,,,,,
366,Weathered Coif (Grey),,,,34,1,,,,,0,1,1,1,t/41546,1,All Classes,1,"[""4-197-0-0""]",1.0,3,47,1,13,5594,1,3,,1,,
367,Weathered Beret (Beige),,,,34,1,,,,,0,1,1,1,t/41070,1,All Classes,1,"[""5-246-0-0""]",1.0,3,47,1,13,5594,1,3,,1,,
368,Weathered Spectacles,,,,34,1,,,,,0,1,1,1,t/40898,1,All Classes,1,"[""20-30-0-0""]",1.0,3,54,1,11,5594,1,3,,1,,
369,Weathered Bandana,,,,34,1,,,,,0,1,1,1,t/41588,1,All Classes,1,"[""23-51-0-0""]",1.0,3,35,1,11,5594,1,3,,1,,
370,Weathered Sun Hat,,,,34,1,,,,,0,1,1,1,t/41041,1,All Classes,1,"[""6-235-0-0""]",1.0,3,47,1,13,5594,1,3,,1,,
371,Weathered Beach Hat (Blue),,,,34,1,,,,,0,1,1,1,t/41042,1,All Classes,1,"[""6-238-0-0""]",1.0,3,47,1,13,5594,1,3,,1,,
372,"",,,,,,,,,,,,,,,,,,,,,,,,,,,,,,
373,"",,,,,,,,,,,,,,,,,,,,,,,,,,,,,,
374,"",,,,,,,,,,,,,,,,,,,,,,,,,,,,,,
375,"",,,,,,,,,,,,,,,,,,,,,,,,,,,,,,
376,"",,,,,,,,,,,,,,,,,,,,,,,,,,,,,,
377,"",,,,,,,,,,,,,,,,,,,,,,,,,,,,,,
378,"",,,,,,,,,,,,,,,,,,,,,,,,,,,,,,
379,"",,,,,,,,,,,,,,,,,,,,,,,,,,,,,,
380,"",,,,,,,,,,,,,,,,,,,,,,,,,,,,,,
381,"",,,,,,,,,,,,,,,,,,,,,,,,,,,,,,
382,"",,,,,,,,,,,,,,,,,,,,,,,,,,,,,,
383,"",,,,,,,,,,,,,,,,,,,,,,,,,,,,,,
384,"",,,,,,,,,,,,,,,,,,,,,,,,,,,,,,
385,"",,,,,,,,,,,,,,,,,,,,,,,,,,,,,,
386,"",,,,,,,,,,,,,,,,,,,,,,,,,,,,,,
387,"",,,,,,,,,,,,,,,,,,,,,,,,,,,,,,
388,"",,,,,,,,,,,,,,,,,,,,,,,,,,,,,,
389,"",,,,,,,,,,,,,,,,,,,,,,,,,,,,,,
390,"",,,,,,,,,,,,,,,,,,,,,,,,,,,,,,
391,"",,,,,,,,,,,,,,,,,,,,,,,,,,,,,,
392,"",,,,,,,,,,,,,,,,,,,,,,,,,,,,,,
393,"",,,,,,,,,,,,,,,,,,,,,,,,,,,,,,
394,"",,,,,,,,,,,,,,,,,,,,,,,,,,,,,,
395,"",,,,,,,,,,,,,,,,,,,,,,,,,,,,,,
396,"",,,,,,,,,,,,,,,,,,,,,,,,,,,,,,
397,"",,,,,,,,,,,,,,,,,,,,,,,,,,,,,,
398,"",,,,,,,,,,,,,,,,,,,,,,,,,,,,,,
399,"",,,,,,,,,,,,,,,,,,,,,,,,,,,,,,
400,"",,,,,,,,,,,,,,,,,,,,,,,,,,,,,,
401,"",,,,,,,,,,,,,,,,,,,,,,,,,,,,,,
402,"",,,,,,,,,,,,,,,,,,,,,,,,,,,,,,
403,"",,,,,,,,,,,,,,,,,,,,,,,,,,,,,,
404,"",,,,,,,,,,,,,,,,,,,,,,,,,,,,,,
405,"",,,,,,,,,,,,,,,,,,,,,,,,,,,,,,
406,"",,,,,,,,,,,,,,,,,,,,,,,,,,,,,,
407,"",,,,,,,,,,,,,,,,,,,,,,,,,,,,,,
408,"",,,,,,,,,,,,,,,,,,,,,,,,,,,,,,
409,"",,,,,,,,,,,,,,,,,,,,,,,,,,,,,,
410,"",,,,,,,,,,,,,,,,,,,,,,,,,,,,,,
